5261f9e8-47ff-11ee-9a6a-f8b291c11216,ShGarcia,Shaeleigh,Garcia,NULL,NULL,NULL
5261fbf2-47ff-11ee-9a6a-f8b291c11216,BrLima,Brennan,Lima,NULL,NULL,NULL
5261fd2e-47ff-11ee-9a6a-f8b291c11216,ReGuimar,Reuben,Guimaraes,NULL,NULL,NULL
5261fd94-47ff-11ee-9a6a-f8b291c11216,MaDiem,Mari,Diem,NULL,NULL,NULL
5261fde7-47ff-11ee-9a6a-f8b291c11216,RhFerrei,Rhona,Ferreira,NULL,NULL,NULL
5261fe38-47ff-11ee-9a6a-f8b291c11216,VeLopez,Veda,Lopez,NULL,NULL,NULL
5261fe8a-47ff-11ee-9a6a-f8b291c11216,HiJara,Hilary,Jara,NULL,NULL,NULL
5261fed1-47ff-11ee-9a6a-f8b291c11216,JaChaves,Jayme,Chaves,NULL,NULL,NULL
5261ff22-47ff-11ee-9a6a-f8b291c11216,TaNoguei,Tate,Nogueira,NULL,NULL,NULL
5261ff70-47ff-11ee-9a6a-f8b291c11216,YedaLuz,Yen,da Luz,NULL,NULL,NULL
5261ffc1-47ff-11ee-9a6a-f8b291c11216,AqSofia,Aquila,Sofia,NULL,NULL,NULL
5262000b-47ff-11ee-9a6a-f8b291c11216,ElCustod,Eliana,Custodio,NULL,NULL,NULL
52620056-47ff-11ee-9a6a-f8b291c11216,OddeSou,Odysseus,de Sousa,NULL,NULL,NULL
5262009d-47ff-11ee-9a6a-f8b291c11216,JoRenato,Joelle,Renato,NULL,NULL,NULL
526200e6-47ff-11ee-9a6a-f8b291c11216,RoRenato,Roanna,Renato,NULL,NULL,NULL
5262012d-47ff-11ee-9a6a-f8b291c11216,UlFelix,Ulysses,Felix,NULL,NULL,NULL
52620178-47ff-11ee-9a6a-f8b291c11216,AbTrinda,Abdul,Trindade,NULL,NULL,NULL
526201bf-47ff-11ee-9a6a-f8b291c11216,TeVergar,Teegan,Vergara,NULL,NULL,NULL
52620205-47ff-11ee-9a6a-f8b291c11216,MaFeitos,Mary,Feitosa,NULL,NULL,NULL
5262024c-47ff-11ee-9a6a-f8b291c11216,BrdeMor,Brock,de Moraes,NULL,NULL,NULL
52620297-47ff-11ee-9a6a-f8b291c11216,IgMirand,Igor,Miranda,NULL,NULL,NULL
526202df-47ff-11ee-9a6a-f8b291c11216,AuRamire,Audra,Ramirez,NULL,NULL,NULL
52620329-47ff-11ee-9a6a-f8b291c11216,CaBraga,Cain,Braga,NULL,NULL,NULL
5262036f-47ff-11ee-9a6a-f8b291c11216,NeFranci,Nell,Francisco,NULL,NULL,NULL
526203b6-47ff-11ee-9a6a-f8b291c11216,MaPaiva,Mary,Paiva,NULL,NULL,NULL
526203ff-47ff-11ee-9a6a-f8b291c11216,GrSántos,Graham,Sántos,NULL,NULL,NULL
52620446-47ff-11ee-9a6a-f8b291c11216,WeZavala,Wesley,Zavala,NULL,NULL,NULL
5262048e-47ff-11ee-9a6a-f8b291c11216,EtBastia,Ethan,Bastian,NULL,NULL,NULL
526204d8-47ff-11ee-9a6a-f8b291c11216,HiCunha,Hillary,Cunha,NULL,NULL,NULL
5262051f-47ff-11ee-9a6a-f8b291c11216,MaBorges,Marshall,Borges,NULL,NULL,NULL
5262056b-47ff-11ee-9a6a-f8b291c11216,HiFloren,Hiroko,Florencia,NULL,NULL,NULL
526205b4-47ff-11ee-9a6a-f8b291c11216,QudaSilv,Quintessa,daSilveira,NULL,NULL,NULL
526205fe-47ff-11ee-9a6a-f8b291c11216,LeAmaral,Leilani,Amaral,NULL,NULL,NULL
5262064a-47ff-11ee-9a6a-f8b291c11216,MaAzizi,Marsden,Azizi,NULL,NULL,NULL
52620693-47ff-11ee-9a6a-f8b291c11216,BeJuan,Berk,Juan,NULL,NULL,NULL
526206dc-47ff-11ee-9a6a-f8b291c11216,AlLeite,Alyssa,Leite,NULL,NULL,NULL
52620724-47ff-11ee-9a6a-f8b291c11216,KeAntune,Keaton,Antunes,NULL,NULL,NULL
5262076a-47ff-11ee-9a6a-f8b291c11216,BeRocio,Bevis,Rocio,NULL,NULL,NULL
526207b4-47ff-11ee-9a6a-f8b291c11216,SeMatias,Serena,Matias,NULL,NULL,NULL
526207fe-47ff-11ee-9a6a-f8b291c11216,SiMendes,Sigourney,Mendes,NULL,NULL,NULL
5262084a-47ff-11ee-9a6a-f8b291c11216,HaPaula,Hanna,Paula,NULL,NULL,NULL
52620894-47ff-11ee-9a6a-f8b291c11216,HyFelipe,Hyatt,Felipe,NULL,NULL,NULL
526208dc-47ff-11ee-9a6a-f8b291c11216,LiSiquei,Libby,Siqueira,NULL,NULL,NULL
52620925-47ff-11ee-9a6a-f8b291c11216,CaRojas,Cassandra,Rojas,NULL,NULL,NULL
52620970-47ff-11ee-9a6a-f8b291c11216,BrFagund,Brendan,Fagundes,NULL,NULL,NULL
526209bf-47ff-11ee-9a6a-f8b291c11216,ChBastos,Channing,Bastos,NULL,NULL,NULL
52620a08-47ff-11ee-9a6a-f8b291c11216,NodeAra,Noel,de Araujo,NULL,NULL,NULL
52620a51-47ff-11ee-9a6a-f8b291c11216,AiAzizi,Aimee,Azizi,NULL,NULL,NULL
52620a9a-47ff-11ee-9a6a-f8b291c11216,ZaMatias,Zachery,Matias,NULL,NULL,NULL
52620ae4-47ff-11ee-9a6a-f8b291c11216,YaJoaqui,Yael,Joaquin,NULL,NULL,NULL

