nombreU,apellidoP
Shaeleigh,Garcia
Brennan,Lima
Reuben,Guimaraes
Mari,Diem
Rhona,Ferreira
Veda,Lopez
Hilary,Jara
Jayme,Chaves
Tate,Nogueira
Yen,da Luz
Aquila,Sofia
Eliana,Custodio
Odysseus,de Sousa
Joelle,Renato
Roanna,Renato
Ulysses,Felix
Abdul,Trindade
Teegan,Vergara
Mary,Feitosa
Brock,de Moraes
Igor,Miranda
Audra,Ramirez
Cain,Braga
Nell,Francisco
Mary,Paiva
Graham,SÃ¡ntos
Wesley,Zavala
Ethan,Bastian
Hillary,Cunha
Marshall,Borges
Hiroko,Florencia
Quintessa,da Silveira
Leilani,Amaral
Marsden,Azizi
Berk,Juan
Alyssa,Leite
Keaton,Antunes
Bevis,Rocio
Serena,Matias
Sigourney,Mendes
Hanna,Paula
Hyatt,Felipe
Libby,Siqueira
Cassandra,Rojas
Brendan,Fagundes
Channing,Bastos
Noel,de Araujo
Aimee,Azizi
Zachery,Matias
Yael,Joaquin
