idU,nombreU,nombreP,apellidoP,email
832E3592-CE35-404A-3142-86E73EC3DC9B,falwater,Fallon,Waters,auctor.mauris@aol.couk
931F216D-959C-5376-422C-7B6B64B9A1E3,laeroy,Lael,Roy,id.nunc@hotmail.org
16CA6F57-D686-67CD-336E-46E75ABE269D,ciamclea,Ciara,Mclean,quis.lectus@protonmail.ca
1E57728C-73E2-6918-1766-3ED9DE4F7DE9,derward,Derek,Ward,enim.consequat.purus@google.net
6B6948D4-6D67-2951-16ED-A4D371D5F380,rhospenc,Rhoda,Spencer,et@protonmail.edu
B803090F-EA39-77DB-3A52-331E4C342981,johstewa,John,Stewart,lacus.ut.nec@icloud.couk
1ED3EB74-F2B1-6888-2419-1BE701F3561C,garskinn,Gareth,Skinner,metus.aenean@icloud.org
58ACFDBC-5F3F-F0BB-B467-86F1A81B429B,serball,Serena,Ball,et.magnis@yahoo.org
52F1AD4E-66AE-D90E-2B58-C52E0538A60D,nicfrede,Nicole,Frederick,egestas@icloud.net
2EE7DED1-7C6F-ABBA-D8A1-76E571BB6556,valbarr,Valentine,Barr,auctor.velit@yahoo.net
43FCA31D-0912-6DC7-26CE-7A1746BC9248,abebrigg,Abel,Briggs,pede.sagittis@icloud.edu
B8B921DC-0B95-F9C4-E521-8AB5AD312C09,dangrime,Danielle,Grimes,pharetra.quisque.ac@yahoo.couk
DD3B33B5-5DD1-A1E4-63F0-186B32EC533C,jaqfrede,Jaquelyn,Frederick,fusce.aliquet.magna@hotmail.net
8A169E43-CB1F-3BD7-DA47-5D949EAED39B,stuoneal,Stuart,Oneal,ac.ipsum.phasellus@outlook.org
D55AAD6A-421E-D5E5-A354-7B104EA10C5C,emiraymo,Emi,Raymond,adipiscing.elit@outlook.net
CC952A91-26AB-92CA-8DA1-E43570583178,marsaund,Mary,Saunders,sed.orci.lobortis@outlook.org
574A4BBC-D88A-06F7-B86B-6B4EA75615A6,jenmcint,Jenna,Mcintosh,in.nec.orci@outlook.org
98B37B59-32D5-EF3B-98CB-071C4D5E3947,ezeevans,Ezekiel,Evans,dignissim.magna@icloud.org
DEBBD31F-C24C-BA7F-9669-CD41CC21BEB9,jesfinch,Jessica,Finch,et@google.org
79BFA7D7-DE65-D645-34D5-CCC404CB44F7,nasjorda,Nash,Jordan,tellus.phasellus@outlook.com
DC7D1CD9-1483-43AE-89BA-3FAA2A180A6D,darmejia,Darryl,Mejia,tellus@icloud.net
10636C72-981C-30C2-2529-2B5516C0059C,nelpugh,Nelle,Pugh,pharetra.quisque.ac@aol.net
505B634D-6211-0862-E2D1-2474B2E995AB,darlower,Darius,Lowery,sagittis.duis@hotmail.edu
719709F4-BE5A-AABA-B73D-58C89F4412B1,rangreen,Rana,Green,sodales@yahoo.com
558BC35B-9E6A-642E-7BC7-429A608143E6,katpowel,Kathleen,Powell,nulla.tincidunt@hotmail.org
9B97F7D2-12D2-9336-796E-BCD78E49C30B,marmccla,Martha,Mcclain,sit.amet@icloud.net
B74AEC2E-8CFC-B4FA-C2E9-BE9EEDEBA2D8,rogryan,Rogan,Ryan,cursus.diam.at@icloud.couk
018B1333-68DA-77A9-E0DF-8ACA06F321C4,quigoff,Quinn,Goff,turpis@hotmail.net
E06546D8-78B0-578E-9D7B-9EBE75C21D23,yulhinto,Yuli,Hinton,nulla.integer@hotmail.couk
41D92775-A962-76D2-8AA7-DE7CDBC1E287,antmelen,Anthony,Melendez,malesuada.augue@protonmail.edu
DBED6B78-C172-0151-3387-18F0A766B6B2,ricbattl,Richard,Battle,mi@yahoo.org
6A2310CB-3254-96A7-6DD6-E94CB26492DC,olibecke,Olivia,Becker,dictum@protonmail.couk
A1493C92-4307-BDC7-2CD2-DC08D927B654,quiwater,Quinn,Waters,ut@aol.edu
DC978198-AF61-B30B-8CD9-D44A87233BD2,camrodri,Camden,Rodriguez,faucibus.orci@outlook.couk
BC8630EE-7DEC-023C-D947-A5D59C0B1C72,willevy,William,Levy,scelerisque.neque.nullam@hotmail.couk
F0582D85-0269-24AE-6CF7-7C589BFA9A0D,caihanso,Cairo,Hanson,aliquam@outlook.ca
B33DBDDB-6AA5-9D8A-C33E-43C66CD33EB7,clawalla,Clarke,Wallace,quisque@aol.ca
5E616FFB-D87E-64C3-8E9D-C49F3DB8434A,rubhyde,Ruby,Hyde,ipsum.non.arcu@hotmail.edu
B96255FA-6127-8D59-BD87-219D85C6DAED,ello'nei,Ella,O'Neill,ac@yahoo.edu
AEB24A3D-4B6A-25A7-8674-3A01184D7509,phycarpe,Phyllis,Carpenter,eget.volutpat.ornare@icloud.edu
D6AC830A-9E9D-9B44-A348-3CB0507DD130,norreid,Norman,Reid,aliquet.nec@icloud.com
AEEF72A8-1377-EB28-4EE9-1A755CEEEEBD,brewhite,Breanna,White,dolor.nonummy.ac@protonmail.edu
DBAC2E93-49F3-CCF6-7D27-7B674E28BAA1,carhaley,Carla,Haley,erat@hotmail.org
F28EF59E-DD42-C41D-1920-1F6EA6D901BD,ezrricha,Ezra,Richardson,arcu.sed.et@hotmail.com
0A18E116-A3D0-2819-7B63-4A6B08992457,auddelac,Audra,Delacruz,nulla@hotmail.org
27B663CA-E3DA-62BE-132A-292F26DE5A21,derroble,Derek,Robles,dignissim@hotmail.ca
CA5B958C-D69B-9A9E-BB3F-63A5EB662FDE,jinhardy,Jin,Hardy,ipsum.dolor@hotmail.couk
6314D774-6B74-A942-26E2-69248915DD0E,robhughe,Robin,Hughes,lacinia.vitae.sodales@aol.couk
3B66F363-0FEE-6424-D66D-BF8945857CB3,calfinch,Callum,Finch,est@aol.ca
33CC6A3D-A579-41E9-B72A-79665618F7FF,rhoellis,Rhoda,Ellis,metus.eu.erat@yahoo.org
